Date,Power Generation,Industry,NGV,GSP,Others,Total
1/1/2022,"1,424",578,97,806,18,"2,924"
1/2/2022,"1,509",562,84,841,18,"3,014"
1/3/2022,"1,921",691,116,824,18,"3,569"
1/4/2022,"2,563",691,117,820,18,"4,210"
1/5/2022,"2,818",736,148,826,24,"4,552"
1/6/2022,"2,935",728,148,789,22,"4,621"
1/7/2022,"2,971",727,148,802,22,"4,669"
1/8/2022,"2,929",717,149,801,22,"4,618"
1/9/2022,"2,736",651,120,811,20,"4,339"
1/10/2022,"2,852",730,144,808,21,"4,555"
1/11/2022,"2,928",725,144,791,20,"4,607"
1/12/2022,"2,908",725,145,807,21,"4,605"
1/13/2022,"3,139",727,146,810,23,"4,845"
1/14/2022,"3,212",730,144,816,26,"4,927"
1/15/2022,"3,109",735,145,808,26,"4,823"
1/16/2022,"3,018",663,117,816,23,"4,638"
1/17/2022,"3,154",739,141,809,25,"4,867"
1/18/2022,"3,081",732,140,817,25,"4,795"
1/19/2022,"3,184",737,141,853,25,"4,939"
1/20/2022,"3,220",738,142,844,25,"4,969"
1/21/2022,"3,270",736,141,844,25,"5,015"
1/22/2022,"3,202",737,141,845,25,"4,951"
1/23/2022,"3,046",675,116,822,23,"4,682"
1/24/2022,"3,240",738,140,847,25,"4,989"
1/25/2022,"3,348",729,138,847,25,"5,088"
1/26/2022,"3,431",727,138,830,25,"5,152"
1/27/2022,"3,396",737,138,829,25,"5,125"
1/28/2022,"3,484",738,138,829,25,"5,214"
1/29/2022,"3,209",746,139,824,24,"4,942"
1/30/2022,"3,163",673,116,832,23,"4,808"
1/31/2022,"3,132",757,140,738,24,"4,791"
2/1/2022,"3,239",779,139,836,24,"5,016"
2/2/2022,"3,334",776,138,809,24,"5,081"
2/3/2022,"3,395",772,138,829,24,"5,158"
2/4/2022,"3,357",781,139,828,25,"5,130"
2/5/2022,"3,228",783,139,828,24,"5,003"
2/6/2022,"3,144",701,117,819,22,"4,804"
2/7/2022,"3,351",771,139,816,25,"5,101"
2/8/2022,"3,433",756,138,819,25,"5,171"
2/9/2022,"3,525",767,139,781,25,"5,238"
2/10/2022,"3,541",769,138,847,26,"5,321"
2/11/2022,"3,586",781,140,839,25,"5,371"
2/12/2022,"3,532",771,139,819,25,"5,286"
2/13/2022,"3,245",698,116,816,23,"4,898"
2/14/2022,"3,517",771,139,815,25,"5,267"
2/15/2022,"3,548",756,138,822,25,"5,288"
2/16/2022,"3,388",753,138,837,25,"5,141"
2/17/2022,"3,522",752,138,847,25,"5,283"
2/18/2022,"3,697",749,137,854,25,"5,461"
2/19/2022,"3,591",752,137,857,25,"5,362"
2/20/2022,"3,324",682,115,851,25,"4,996"
2/21/2022,"3,243",762,137,857,28,"5,028"
2/22/2022,"3,152",774,139,854,28,"4,948"
2/23/2022,"3,121",773,140,851,29,"4,915"
2/24/2022,"3,116",770,140,863,29,"4,918"
2/25/2022,"3,208",773,139,808,29,"4,957"
2/26/2022,"3,159",774,140,870,29,"4,972"
2/27/2022,"2,882",670,118,857,26,"4,553"
2/28/2022,"3,300",746,139,880,29,"5,094"
3/1/2022,"3,654",752,138,875,30,"5,447"
3/2/2022,"3,744",759,139,877,29,"5,549"
3/3/2022,"3,755",763,139,867,29,"5,553"
3/4/2022,"3,845",757,139,864,29,"5,635"
3/5/2022,"3,931",741,139,867,36,"5,714"
3/6/2022,"3,630",678,116,874,30,"5,328"
3/7/2022,"3,882",733,138,874,34,"5,661"
3/8/2022,"3,780",751,139,865,33,"5,567"
3/9/2022,"3,846",786,139,849,30,"5,650"
3/10/2022,"3,915",797,139,860,30,"5,741"
3/11/2022,"3,927",810,138,871,29,"5,775"
3/12/2022,"3,960",812,140,863,30,"5,805"
3/13/2022,"3,669",771,116,891,28,"5,475"
3/14/2022,"3,896",828,140,891,33,"5,788"
3/15/2022,"3,891",834,140,892,30,"5,786"
3/16/2022,"3,796",826,140,875,30,"5,666"
3/17/2022,"3,813",824,140,873,30,"5,680"
3/18/2022,"3,701",825,139,872,29,"5,566"
3/19/2022,"3,537",820,138,884,29,"5,408"
3/20/2022,"3,328",723,114,833,25,"5,023"
3/21/2022,"3,481",802,137,764,27,"5,210"
3/22/2022,"3,611",806,136,764,27,"5,345"
3/23/2022,"3,677",808,137,769,27,"5,417"
3/24/2022,"3,607",800,137,780,29,"5,353"
3/25/2022,"3,584",798,137,835,29,"5,383"
3/26/2022,"3,517",796,138,858,29,"5,338"
3/27/2022,"3,347",721,115,878,27,"5,087"
3/28/2022,"3,552",795,136,870,29,"5,382"
3/29/2022,"3,724",799,138,848,29,"5,538"
3/30/2022,"3,677",795,138,852,29,"5,490"
3/31/2022,"3,685",796,138,847,29,"5,495"
4/1/2022,"3,407",839,138,828,29,"5,241"
4/2/2022,"3,087",850,138,854,29,"4,958"
4/3/2022,"2,234",789,116,872,24,"4,036"
4/4/2022,"2,753",849,138,878,26,"4,644"
4/5/2022,"3,114",851,138,877,27,"5,009"
4/6/2022,"3,215",786,120,875,25,"5,020"
4/7/2022,"3,285",843,139,869,27,"5,162"
4/8/2022,"3,167",850,140,877,26,"5,059"
4/9/2022,"3,160",852,139,875,26,"5,052"
4/10/2022,"3,011",773,113,889,25,"4,811"
4/11/2022,"3,192",779,112,870,25,"4,978"
4/12/2022,"2,916",781,112,872,25,"4,707"
4/13/2022,"2,232",781,112,884,19,"4,029"
4/14/2022,"2,253",789,112,881,19,"4,055"
4/15/2022,"2,436",772,108,873,19,"4,209"
4/16/2022,"2,743",775,107,869,20,"4,514"
4/17/2022,"2,936",756,115,873,20,"4,701"
4/18/2022,"3,234",811,144,869,27,"5,084"
4/19/2022,"3,277",816,144,873,31,"5,141"
4/20/2022,"3,358",803,143,889,32,"5,225"
4/21/2022,"3,371",807,142,850,32,"5,202"
4/22/2022,"3,455",820,142,843,31,"5,291"
4/23/2022,"3,580",815,141,815,31,"5,382"
4/24/2022,"3,407",744,114,791,28,"5,085"
4/25/2022,"3,670",809,141,791,32,"5,443"
4/26/2022,"3,671",809,141,771,34,"5,426"
4/27/2022,"3,648",808,141,761,32,"5,391"
4/28/2022,"3,654",808,143,745,32,"5,383"
4/29/2022,"3,584",816,144,799,31,"5,374"
4/30/2022,"3,699",808,146,799,31,"5,483"
5/1/2022,"2,807",744,117,800,29,"4,497"
5/2/2022,"2,464",748,123,755,28,"4,118"
5/3/2022,"2,747",825,143,792,27,"4,535"
5/4/2022,"2,944",823,144,801,32,"4,743"
5/5/2022,"3,082",803,143,761,31,"4,821"
5/6/2022,"3,143",789,142,750,31,"4,855"
5/7/2022,"3,186",792,142,767,30,"4,918"
5/8/2022,"2,868",731,114,779,28,"4,520"
5/9/2022,"3,201",793,142,755,30,"4,921"
5/10/2022,"3,286",800,143,645,31,"4,906"
5/11/2022,"3,446",822,147,645,29,"5,089"
5/12/2022,"3,491",833,147,651,32,"5,155"
5/13/2022,"3,503",826,148,648,30,"5,156"
5/14/2022,"3,551",815,147,648,32,"5,193"
5/15/2022,"3,325",744,119,649,29,"4,865"
5/16/2022,"3,287",736,126,652,28,"4,829"
5/17/2022,"3,522",812,146,652,31,"5,164"
5/18/2022,"3,497",800,146,674,31,"5,149"
5/19/2022,"3,469",796,147,651,31,"5,094"
5/20/2022,"3,465",796,147,649,31,"5,089"
5/21/2022,"3,270",788,144,605,32,"4,839"
5/22/2022,"2,920",730,117,623,32,"4,423"
5/23/2022,"3,130",788,142,619,31,"4,710"
5/24/2022,"3,392",782,145,621,31,"4,970"
5/25/2022,"3,384",781,143,621,31,"4,960"
5/26/2022,"3,401",776,144,622,31,"4,974"
5/27/2022,"3,388",784,144,623,31,"4,970"
5/28/2022,"3,357",796,146,625,31,"4,955"
5/29/2022,"3,079",730,116,625,29,"4,580"
5/30/2022,"3,318",797,144,636,30,"4,925"
5/31/2022,"3,542",787,144,665,31,"5,169"
6/1/2022,"3,512",782,141,691,31,"5,156"
6/2/2022,"3,428",778,140,745,30,"5,122"
6/3/2022,"3,181",715,122,785,28,"4,832"
6/4/2022,"3,240",778,142,794,30,"4,983"
6/5/2022,"3,125",711,113,803,28,"4,780"
6/6/2022,"3,308",781,141,811,29,"5,070"
6/7/2022,"3,404",778,141,811,31,"5,164"
6/8/2022,"3,442",775,142,791,30,"5,180"
6/9/2022,"3,429",776,141,781,30,"5,156"
6/10/2022,"3,381",776,141,780,31,"5,108"
6/11/2022,"3,357",781,141,782,31,"5,093"
6/12/2022,"3,017",695,114,779,29,"4,634"
6/13/2022,"3,283",760,141,756,30,"4,970"
6/14/2022,"3,470",759,142,781,31,"5,184"
6/15/2022,"3,297",770,143,762,31,"5,003"
6/16/2022,"3,326",776,144,743,31,"5,020"
6/17/2022,"3,353",779,142,735,31,"5,039"
6/18/2022,"3,284",782,142,722,31,"4,961"
6/19/2022,"2,950",717,114,721,28,"4,531"
6/20/2022,"3,173",778,140,722,30,"4,843"
6/21/2022,"3,339",778,139,675,29,"4,960"
6/22/2022,"3,359",783,140,619,30,"4,932"
6/23/2022,"3,344",784,141,642,30,"4,941"
6/24/2022,"3,296",787,141,606,30,"4,860"
6/25/2022,"3,134",791,147,664,29,"4,764"
6/26/2022,"2,938",722,114,674,26,"4,475"
6/27/2022,"3,201",784,141,706,29,"4,860"
6/28/2022,"3,341",775,146,724,29,"5,015"
6/29/2022,"3,317",774,142,729,27,"4,990"
6/30/2022,"3,236",774,142,732,28,"4,912"
7/1/2022,"3,334",770,142,737,29,"5,012"
7/2/2022,"3,241",784,143,740,27,"4,935"
7/3/2022,"2,878",769,123,739,24,"4,533"
7/4/2022,"3,227",842,144,742,27,"4,982"
7/5/2022,"3,430",852,145,735,27,"5,189"
7/6/2022,"3,432",845,145,724,29,"5,174"
7/7/2022,"3,407",853,144,708,28,"5,140"
7/8/2022,"3,319",842,142,613,26,"4,943"
7/9/2022,"3,120",843,143,612,26,"4,744"
7/10/2022,"2,607",780,122,626,23,"4,158"
7/11/2022,"3,012",847,143,682,25,"4,708"
7/12/2022,"3,079",865,145,826,25,"4,940"
7/13/2022,"2,871",785,125,726,23,"4,529"
7/14/2022,"3,127",770,123,725,24,"4,768"
7/15/2022,"3,300",769,123,717,23,"4,933"
7/16/2022,"3,280",821,144,738,26,"5,009"
7/17/2022,"2,953",771,125,795,24,"4,667"
7/18/2022,"3,334",839,146,788,26,"5,134"
7/19/2022,"3,316",845,145,784,28,"5,117"
7/20/2022,"3,083",850,146,682,28,"4,789"
7/21/2022,"2,976",859,146,794,28,"4,803"
7/22/2022,"2,993",858,146,809,28,"4,833"
7/23/2022,"2,955",854,145,809,28,"4,789"
7/24/2022,"2,684",782,123,781,26,"4,396"
7/25/2022,"2,872",862,146,777,28,"4,685"
7/26/2022,"3,072",853,145,788,28,"4,885"
7/27/2022,"3,083",854,145,762,27,"4,871"
7/28/2022,"2,789",779,124,688,25,"4,405"
7/29/2022,"2,951",845,143,749,34,"4,721"
7/30/2022,"2,917",841,145,755,30,"4,688"
7/31/2022,"2,724",786,125,758,27,"4,420"
8/1/2022,"2,531",791,135,776,29,"4,262"
8/2/2022,"3,023",799,138,689,29,"4,677"
8/3/2022,"3,050",811,139,616,34,"4,649"
8/4/2022,"3,018",818,141,632,31,"4,640"
8/5/2022,"2,941",826,144,676,33,"4,620"
8/6/2022,"2,934",799,137,670,33,"4,573"
8/7/2022,"2,624",774,126,660,32,"4,215"
8/8/2022,"2,853",808,137,680,34,"4,513"
8/9/2022,"2,815",827,137,627,33,"4,439"
8/10/2022,"2,890",844,140,675,33,"4,582"
8/11/2022,"2,859",815,141,603,33,"4,452"
8/12/2022,"2,580",762,124,688,29,"4,182"
8/13/2022,"2,836",775,135,683,27,"4,457"
8/14/2022,"2,652",767,121,699,26,"4,266"
8/15/2022,"3,031",807,136,732,31,"4,736"
8/16/2022,"2,982",831,138,830,32,"4,813"
8/17/2022,"3,020",841,140,840,32,"4,874"
8/18/2022,"3,077",830,143,771,34,"4,855"
8/19/2022,"3,116",827,144,740,32,"4,859"
8/20/2022,"3,196",810,139,792,31,"4,969"
8/21/2022,"2,780",791,125,765,28,"4,489"
8/22/2022,"2,932",823,136,764,30,"4,685"
8/23/2022,"3,158",825,144,764,31,"4,922"
8/24/2022,"3,268",814,146,766,32,"5,026"
8/25/2022,"3,167",830,143,767,32,"4,940"
8/26/2022,"2,972",827,146,791,30,"4,766"
8/27/2022,"3,038",801,139,781,26,"4,784"
8/28/2022,"2,654",776,126,710,24,"4,291"
8/29/2022,"3,102",800,136,785,28,"4,851"
8/30/2022,"3,144",801,141,791,29,"4,905"
8/31/2022,"3,135",796,141,785,29,"4,886"
9/1/2022,"3,209",809,142,703,27,"4,891"
9/2/2022,"3,357",812,143,735,27,"5,074"
9/3/2022,"3,140",808,139,741,27,"4,855"
9/4/2022,"2,786",776,128,690,24,"4,405"
9/5/2022,"2,977",786,137,677,26,"4,604"
9/6/2022,"3,088",800,140,682,26,"4,737"
9/7/2022,"3,025",809,142,688,27,"4,690"
9/8/2022,"2,998",811,140,685,27,"4,661"
9/9/2022,"2,999",807,140,689,28,"4,664"
9/10/2022,"3,027",790,136,691,26,"4,671"
9/11/2022,"2,818",755,125,709,24,"4,431"
9/12/2022,"3,120",792,137,706,27,"4,782"
9/13/2022,"3,135",811,141,705,27,"4,819"
9/14/2022,"3,126",819,141,707,27,"4,820"
9/15/2022,"3,177",811,144,702,27,"4,861"
9/16/2022,"3,172",803,143,668,28,"4,814"
9/17/2022,"3,177",810,138,666,27,"4,818"
9/18/2022,"2,811",784,124,667,24,"4,411"
9/19/2022,"3,053",805,136,707,28,"4,729"
9/20/2022,"3,148",819,142,693,30,"4,833"
9/21/2022,"3,296",806,144,704,31,"4,981"
9/22/2022,"3,238",806,143,699,32,"4,917"
9/23/2022,"3,150",801,142,703,31,"4,826"
9/24/2022,"3,004",787,136,716,30,"4,673"
9/25/2022,"2,584",771,122,712,27,"4,215"
9/26/2022,"2,844",801,129,712,28,"4,514"
9/27/2022,"2,944",817,134,717,28,"4,640"
9/28/2022,"2,889",810,137,723,29,"4,588"
9/29/2022,"2,823",807,137,733,29,"4,528"
9/30/2022,"2,871",801,133,729,28,"4,562"
10/1/2022,"2,896",797,132,744,29,"4,599"
10/2/2022,"2,522",779,128,744,27,"4,200"
10/3/2022,"2,766",784,133,737,29,"4,449"
10/4/2022,"2,897",792,134,718,29,"4,569"
10/5/2022,"2,891",781,137,728,29,"4,565"
10/6/2022,"2,821",783,139,729,28,"4,500"
10/7/2022,"2,817",781,135,718,30,"4,481"
10/8/2022,"2,835",771,132,723,30,"4,491"
10/9/2022,"2,625",738,119,726,26,"4,235"
10/10/2022,"2,744",755,127,727,28,"4,380"
10/11/2022,"2,903",772,130,728,29,"4,562"
10/12/2022,"2,863",764,134,724,29,"4,515"
10/13/2022,"2,737",739,132,722,28,"4,359"
10/14/2022,"2,823",754,133,725,28,"4,464"
10/15/2022,"2,770",765,133,742,26,"4,437"
10/16/2022,"2,435",745,122,754,25,"4,081"
10/17/2022,"2,798",752,132,765,27,"4,473"
10/18/2022,"2,800",756,139,780,28,"4,504"
10/19/2022,"2,828",739,140,785,28,"4,521"
10/20/2022,"2,834",748,135,783,29,"4,529"
10/21/2022,"2,908",733,141,780,28,"4,590"
10/22/2022,"2,853",732,135,780,28,"4,529"
10/23/2022,"2,578",699,135,787,28,"4,227"
10/24/2022,"2,693",694,134,739,29,"4,289"
10/25/2022,"2,899",636,83,784,25,"4,426"
10/26/2022,"2,905",670,140,781,28,"4,524"
10/27/2022,"2,848",656,141,790,28,"4,462"
10/28/2022,"2,821",716,135,780,28,"4,481"
10/29/2022,"2,865",679,138,790,27,"4,500"
10/30/2022,"2,669",647,126,789,25,"4,256"
10/31/2022,"2,875",655,135,790,27,"4,481"
11/1/2022,"2,844",711,140,801,28,"4,524"
11/2/2022,"2,930",731,141,801,28,"4,632"
11/3/2022,"2,956",730,141,803,28,"4,658"
11/4/2022,"2,947",745,135,804,29,"4,660"
11/5/2022,"3,032",673,137,805,27,"4,674"
11/6/2022,"2,808",679,135,800,24,"4,447"
11/7/2022,"3,083",694,134,800,24,"4,736"
11/8/2022,"3,130",677,139,785,26,"4,757"
11/9/2022,"3,072",699,140,793,26,"4,730"
11/10/2022,"3,186",750,140,799,30,"4,905"
11/11/2022,"3,233",749,141,806,29,"4,958"
11/12/2022,"3,219",739,135,799,30,"4,922"
11/13/2022,"2,733",698,124,799,27,"4,382"
11/14/2022,"3,016",735,135,799,30,"4,715"
11/15/2022,"3,048",751,136,764,31,"4,730"
11/16/2022,"3,055",747,136,779,29,"4,747"
11/17/2022,"3,131",759,135,773,29,"4,827"
11/18/2022,"3,224",754,133,781,29,"4,922"
11/19/2022,"3,021",743,129,785,28,"4,707"
11/20/2022,"2,698",716,133,758,27,"4,332"
11/21/2022,"3,167",744,132,762,27,"4,832"
11/22/2022,"3,271",748,133,762,28,"4,940"
11/23/2022,"3,325",747,133,759,28,"4,993"
11/24/2022,"3,304",771,141,764,30,"5,010"
11/25/2022,"3,137",767,137,729,31,"4,801"
11/26/2022,"3,184",747,132,736,30,"4,829"
11/27/2022,"2,889",734,120,749,27,"4,518"
11/28/2022,"3,015",715,132,766,28,"4,657"
11/29/2022,"3,326",727,136,759,29,"4,977"
11/30/2022,"3,294",726,137,764,30,"4,951"
12/1/2022,"3,142",751,139,764,26,"4,822"
12/2/2022,"3,015",753,134,765,27,"4,694"
12/3/2022,"2,888",762,139,764,25,"4,578"
12/4/2022,"2,573",733,125,761,22,"4,214"
12/5/2022,"2,513",735,119,749,21,"4,137"
12/6/2022,"2,776",785,132,744,24,"4,460"
12/7/2022,"2,972",773,134,743,24,"4,645"
12/8/2022,"3,069",770,134,744,23,"4,740"
12/9/2022,"3,114",780,139,737,25,"4,796"
12/10/2022,"3,109",783,144,738,25,"4,799"
12/11/2022,"2,786",747,126,682,22,"4,363"
12/12/2022,"2,817",771,140,692,24,"4,443"
12/13/2022,"2,764",819,144,613,25,"4,365"
12/14/2022,"2,659",745,147,694,24,"4,269"
12/15/2022,"2,713",727,145,710,24,"4,319"
12/16/2022,"2,776",714,139,695,24,"4,348"
12/17/2022,"2,655",713,142,691,23,"4,224"
12/18/2022,"2,408",706,130,721,22,"3,988"
12/19/2022,"2,564",738,139,714,25,"4,179"
12/20/2022,"2,627",753,143,728,23,"4,275"
12/21/2022,"2,666",751,140,725,23,"4,305"
12/22/2022,"2,461",751,140,727,25,"4,104"
12/23/2022,"2,878",746,140,721,25,"4,509"
12/24/2022,"2,528",728,140,808,25,"4,228"
12/25/2022,"2,347",721,141,752,24,"3,985"
12/26/2022,"2,512",685,139,779,22,"4,137"
12/27/2022,"2,477",671,139,787,22,"4,096"
12/28/2022,"2,378",645,130,776,21,"3,949"
12/29/2022,"1,933",633,119,819,19,"3,524"
12/30/2022,"1,805",598,110,813,18,"3,344"
12/31/2022,"1,544",614,102,803,17,"3,081"
1/1/2023,"1,511",627,96,740,17,"2,992"
1/2/2023,"1,537",638,98,731,17,"3,022"
1/3/2023,"1,934",690,113,740,19,"3,496"
1/4/2023,"2,008",756,126,735,19,"3,644"
1/5/2023,"2,262",793,138,663,22,"3,878"
1/6/2023,"2,385",808,144,623,22,"3,982"
1/7/2023,"2,474",800,140,643,24,"4,081"
1/8/2023,"2,367",774,126,690,21,"3,978"
1/9/2023,"2,351",784,137,652,22,"3,946"
1/10/2023,"2,585",788,138,612,23,"4,146"
1/11/2023,"2,726",786,136,608,23,"4,280"
1/12/2023,"2,772",821,141,615,24,"4,373"
1/13/2023,"2,829",801,142,616,25,"4,413"
1/14/2023,"2,838",772,136,611,24,"4,381"
1/15/2023,"2,623",736,127,617,21,"4,124"
1/16/2023,"2,805",756,136,650,23,"4,370"
1/17/2023,"2,791",768,144,650,27,"4,379"
1/18/2023,"2,704",782,144,646,23,"4,299"
1/19/2023,"2,646",792,144,644,24,"4,250"
1/20/2023,"2,604",768,138,644,23,"4,178"
1/21/2023,"2,705",785,132,637,22,"4,281"
1/22/2023,"2,590",749,121,631,22,"4,113"
1/23/2023,"2,860",761,136,648,24,"4,430"
1/24/2023,"2,883",754,137,664,23,"4,461"
1/25/2023,"2,718",759,138,662,23,"4,299"
1/26/2023,"2,730",755,138,661,23,"4,306"
1/27/2023,"2,850",763,143,674,22,"4,452"
1/28/2023,"2,703",764,139,679,22,"4,307"
1/29/2023,"2,110",737,129,695,19,"3,691"
1/30/2023,"2,487",751,139,698,23,"4,096"
1/31/2023,"2,858",763,138,759,23,"4,541"
2/1/2023,"3,375",769,140,744,23,"5,051"
2/2/2023,"3,778",777,139,757,23,"5,474"
2/3/2023,"3,665",777,141,772,24,"5,378"
2/4/2023,"3,419",757,138,790,24,"5,128"
2/5/2023,"2,957",734,128,754,22,"4,594"
2/6/2023,"3,346",769,137,743,23,"5,019"
2/7/2023,"3,648",774,142,772,24,"5,360"
2/8/2023,"3,204",768,136,732,23,"4,863"
2/9/2023,"3,121",794,134,753,22,"4,824"
2/10/2023,"3,081",788,136,769,22,"4,795"
2/11/2023,"2,992",785,136,768,24,"4,705"
2/12/2023,"2,793",743,128,774,21,"4,460"
2/13/2023,"3,075",765,135,776,23,"4,774"
2/14/2023,"3,222",767,141,770,24,"4,925"
2/15/2023,"3,051",784,143,773,25,"4,776"
2/16/2023,"2,952",786,139,799,27,"4,703"
2/17/2023,"2,926",792,144,815,26,"4,702"
2/18/2023,"3,021",765,144,800,25,"4,754"
2/19/2023,"2,781",743,108,788,23,"4,442"
2/20/2023,"2,969",780,139,775,25,"4,688"
2/21/2023,"3,103",748,143,775,22,"4,792"
2/22/2023,"3,276",780,145,798,24,"5,025"
2/23/2023,"3,401",769,146,797,24,"5,137"
2/24/2023,"3,366",773,135,788,22,"5,084"
2/25/2023,"3,117",768,136,787,21,"4,829"
2/26/2023,"2,518",755,128,809,21,"4,231"
2/27/2023,"2,776",759,135,818,21,"4,509"
2/28/2023,"2,898",795,145,793,24,"4,656"
3/1/2023,"3,117",767,143,746,21,"4,794"
3/2/2023,"3,089",770,143,747,20,"4,768"
3/3/2023,"3,064",778,140,749,20,"4,751"
3/4/2023,"2,903",772,142,761,20,"4,598"
3/5/2023,"2,525",737,127,750,18,"4,157"
3/6/2023,"2,585",732,127,747,18,"4,210"
3/7/2023,"3,065",770,139,747,22,"4,742"
3/8/2023,"3,291",777,144,746,23,"4,982"
3/9/2023,"3,313",763,148,749,24,"4,996"
3/10/2023,"3,338",762,149,772,23,"5,044"
3/11/2023,"3,366",763,146,773,23,"5,071"
3/12/2023,"3,080",748,143,772,24,"4,767"
3/13/2023,"3,125",767,142,901,23,"4,958"
3/14/2023,"3,102",771,144,705,24,"4,745"
3/15/2023,"3,357",772,144,850,25,"5,147"
3/16/2023,"3,387",778,144,771,25,"5,105"
3/17/2023,"3,308",776,148,776,26,"5,034"
3/18/2023,"3,256",766,145,768,25,"4,960"
3/19/2023,"3,164",725,134,735,22,"4,781"
3/20/2023,"3,314",740,143,763,25,"4,984"
3/21/2023,"3,419",743,146,724,26,"5,059"
3/22/2023,"3,473",737,149,756,28,"5,143"
3/23/2023,"3,497",744,143,742,26,"5,152"
3/24/2023,"3,475",747,144,729,26,"5,122"
3/25/2023,"3,545",743,143,734,32,"5,196"
3/26/2023,"3,293",725,143,734,31,"4,925"
3/27/2023,"3,536",742,142,729,31,"5,181"
3/28/2023,"3,689",744,148,722,32,"5,335"
3/29/2023,"3,721",777,141,719,32,"5,391"
3/30/2023,"3,696",762,143,752,32,"5,385"
3/31/2023,"3,679",759,143,737,32,"5,351"
4/1/2023,"3,720",757,143,763,32,"5,414"
4/2/2023,"3,396",723,143,760,30,"5,052"
4/3/2023,"3,657",759,143,760,30,"5,349"
4/4/2023,"3,835",767,143,709,32,"5,486"
4/5/2023,"3,847",790,143,773,32,"5,586"
4/6/2023,"3,873",769,144,793,32,"5,611"
4/7/2023,"3,878",766,144,797,32,"5,617"
4/8/2023,"3,691",752,144,797,30,"5,413"
4/9/2023,"3,485",738,145,798,27,"5,193"
4/10/2023,"3,549",741,145,797,24,"5,255"
4/11/2023,"3,316",735,145,808,22,"5,026"
4/12/2023,"3,097",703,145,802,21,"4,768"
4/13/2023,"2,812",682,143,799,21,"4,456"
4/14/2023,"2,799",681,140,804,22,"4,446"
4/15/2023,"2,742",687,140,803,25,"4,396"
4/16/2023,"2,809",710,142,756,21,"4,438"
4/17/2023,"3,149",698,143,770,21,"4,781"
4/18/2023,"3,758",741,144,773,26,"5,443"
4/19/2023,"3,819",756,144,767,29,"5,515"
4/20/2023,"3,991",764,148,717,31,"5,651"
4/21/2023,"3,965",754,145,724,28,"5,616"
4/22/2023,"3,905",724,143,707,28,"5,507"
4/23/2023,"3,587",722,144,728,24,"5,204"
4/24/2023,"3,852",718,141,724,22,"5,457"
4/25/2023,"3,966",740,145,724,29,"5,604"
4/26/2023,"3,738",729,144,714,26,"5,350"
4/27/2023,"3,751",712,145,724,24,"5,356"
4/28/2023,"3,800",769,144,719,23,"5,456"
4/29/2023,"3,755",708,145,706,23,"5,338"
4/30/2023,"3,192",713,122,732,23,"4,782"
5/1/2023,"3,004",692,144,739,21,"4,600"
5/2/2023,"3,611",725,143,738,22,"5,239"
5/3/2023,"3,919",730,147,737,24,"5,557"
5/4/2023,"4,129",743,145,735,24,"5,775"
5/5/2023,"4,216",732,144,738,25,"5,857"
5/6/2023,"4,375",717,142,614,30,"5,878"
5/7/2023,"4,079",714,144,747,29,"5,713"
5/8/2023,"4,316",712,143,760,29,"5,960"
5/9/2023,"4,211",722,140,728,30,"5,830"
5/10/2023,"4,014",732,131,733,27,"5,637"
5/11/2023,"3,987",732,131,756,22,"5,628"
5/12/2023,"3,933",732,131,795,22,"5,612"
5/13/2023,"3,734",729,131,800,24,"5,417"
5/14/2023,"3,386",698,131,791,24,"5,031"
5/15/2023,"3,757",714,130,788,24,"5,413"
5/16/2023,"3,935",721,131,789,27,"5,602"
5/17/2023,"3,944",718,130,799,28,"5,619"
5/18/2023,"4,126",713,131,783,30,"5,783"
5/19/2023,"4,156",710,132,755,32,"5,785"
5/20/2023,"4,084",717,130,779,30,"5,741"
5/21/2023,"3,783",683,130,812,29,"5,437"
5/22/2023,"4,060",705,130,777,30,"5,702"
5/23/2023,"4,005",722,130,801,32,"5,691"
5/24/2023,"4,029",716,131,818,32,"5,724"
5/25/2023,"4,104",717,130,812,32,"5,796"
5/26/2023,"4,003",716,130,805,30,"5,684"
5/27/2023,"3,997",737,131,812,25,"5,703"
5/28/2023,"3,590",721,129,808,24,"5,272"
5/29/2023,"3,715",743,130,807,25,"5,419"
5/30/2023,"3,864",750,130,810,25,"5,578"
5/31/2023,"3,904",756,129,814,25,"5,628"
6/1/2023,"4,024",688,130,817,26,"5,685"
6/2/2023,"4,023",696,130,813,26,"5,686"
6/3/2023,"3,666",684,131,833,24,"5,338"
6/4/2023,"3,511",675,130,831,23,"5,171"
6/5/2023,"3,666",688,128,829,24,"5,336"
6/6/2023,"3,892",699,130,818,25,"5,564"
6/7/2023,"3,900",701,130,823,26,"5,580"
6/8/2023,"3,744",697,130,826,25,"5,422"
6/9/2023,"3,734",692,135,828,26,"5,415"
6/10/2023,"3,682",682,135,789,26,"5,314"
6/11/2023,"3,309",671,134,785,25,"4,924"
6/12/2023,"3,628",676,135,769,26,"5,233"
6/13/2023,"3,763",684,135,769,26,"5,376"
6/14/2023,"3,778",684,135,766,27,"5,390"
6/15/2023,"3,772",693,135,806,27,"5,433"
6/16/2023,"3,855",680,135,808,27,"5,506"
6/17/2023,"3,742",666,135,807,25,"5,374"
6/18/2023,"3,287",662,135,785,24,"4,893"
6/19/2023,"3,538",663,134,782,25,"5,143"
6/20/2023,"3,877",668,136,765,26,"5,471"
6/21/2023,"3,939",664,135,751,26,"5,516"
6/22/2023,"3,945",666,135,750,26,"5,523"
6/23/2023,"4,064",651,134,743,28,"5,621"
6/24/2023,"3,980",649,135,751,34,"5,548"
6/25/2023,"3,549",638,135,770,28,"5,120"
6/26/2023,"3,726",664,134,803,26,"5,353"
6/27/2023,"3,833",668,136,802,26,"5,465"
6/28/2023,"3,947",689,135,851,30,"5,652"
6/29/2023,"3,980",684,135,848,33,"5,679"
6/30/2023,"3,884",703,135,871,32,"5,625"
7/1/2023,"3,733",725,135,874,29,"5,495"
7/2/2023,"3,386",734,134,874,26,"5,155"
7/3/2023,"3,562",738,134,882,26,"5,342"
7/4/2023,"3,639",755,135,890,26,"5,445"
7/5/2023,"3,666",756,135,890,27,"5,474"
7/6/2023,"3,795",748,134,886,29,"5,593"
7/7/2023,"3,885",736,135,886,28,"5,670"
7/8/2023,"3,832",728,135,884,29,"5,609"
7/9/2023,"3,329",725,136,866,25,"5,080"
7/10/2023,"3,503",751,136,879,25,"5,294"
7/11/2023,"3,610",748,137,880,26,"5,401"
7/12/2023,"3,723",730,138,879,28,"5,498"
7/13/2023,"3,851",725,137,880,27,"5,621"
7/14/2023,"3,833",703,137,872,27,"5,572"
7/15/2023,"3,707",698,136,875,26,"5,442"
7/16/2023,"3,401",674,137,868,25,"5,104"
7/17/2023,"3,653",698,135,862,26,"5,374"
7/18/2023,"3,772",720,137,859,26,"5,513"
7/19/2023,"3,798",735,136,851,26,"5,546"
7/20/2023,"3,868",738,137,856,27,"5,625"
7/21/2023,"3,928",744,137,878,26,"5,712"
7/22/2023,"3,824",728,138,870,26,"5,586"
7/23/2023,"3,408",709,135,790,23,"5,066"
7/24/2023,"3,680",716,136,768,23,"5,323"
7/25/2023,"3,831",721,137,765,25,"5,479"
7/26/2023,"3,818",722,137,771,25,"5,472"
7/27/2023,"3,909",711,137,790,25,"5,572"
7/28/2023,"3,506",701,137,794,24,"5,162"
7/29/2023,"3,495",712,138,791,25,"5,162"
7/30/2023,"3,264",705,137,809,25,"4,940"
7/31/2023,"3,331",770,125,821,26,"5,073"
8/1/2023,"3,346",706,123,829,25,"5,029"
8/2/2023,"3,466",744,136,848,26,"5,220"
8/3/2023,"3,619",754,135,846,26,"5,380"
8/4/2023,"3,556",752,138,853,26,"5,325"
8/5/2023,"3,474",749,136,874,25,"5,258"
8/6/2023,"3,113",734,135,870,25,"4,878"
8/7/2023,"3,437",748,134,856,26,"5,202"
8/8/2023,"3,641",755,137,864,28,"5,425"
8/9/2023,"3,748",760,132,836,34,"5,510"
8/10/2023,"3,723",755,132,836,31,"5,476"
8/11/2023,"3,589",757,132,843,26,"5,347"
8/12/2023,"3,080",723,133,841,26,"4,803"
8/13/2023,"2,894",728,130,832,24,"4,609"
8/14/2023,"3,237",731,131,833,24,"4,957"
8/15/2023,"3,491",745,132,828,28,"5,224"
8/16/2023,"3,539",757,135,832,27,"5,290"
8/17/2023,"3,566",758,132,837,26,"5,319"
8/18/2023,"3,629",758,133,828,26,"5,374"
8/19/2023,"3,667",746,132,831,26,"5,402"
8/20/2023,"3,257",734,132,857,25,"5,005"
8/21/2023,"3,439",756,131,857,25,"5,208"
8/22/2023,"3,587",756,132,848,25,"5,349"
8/23/2023,"3,570",754,133,854,30,"5,342"
8/24/2023,"3,488",764,133,855,31,"5,271"
8/25/2023,"3,468",724,132,854,32,"5,210"
8/26/2023,"3,353",736,133,845,31,"5,098"
8/27/2023,"3,052",720,131,810,25,"4,739"
8/28/2023,"3,497",742,132,796,30,"5,197"
8/29/2023,"3,563",760,132,797,30,"5,282"
8/30/2023,"3,651",750,132,794,30,"5,356"
8/31/2023,"3,576",750,132,797,26,"5,280"
9/1/2023,"3,362",757,131,802,25,"5,076"
9/2/2023,"3,371",755,133,801,26,"5,085"
9/3/2023,"3,186",741,131,816,25,"4,900"
9/4/2023,"3,424",763,131,803,26,"5,147"
9/5/2023,"3,424",774,131,797,26,"5,153"
9/6/2023,"3,381",770,132,801,26,"5,109"
9/7/2023,"3,413",771,132,801,26,"5,142"
9/8/2023,"3,445",756,132,780,26,"5,140"
9/9/2023,"3,373",762,131,791,26,"5,084"
9/10/2023,"2,960",742,131,744,26,"4,603"
9/11/2023,"3,181",775,131,736,23,"4,846"
9/12/2023,"3,375",775,132,668,24,"4,973"
9/13/2023,"3,287",768,132,667,23,"4,877"
9/14/2023,"3,143",784,132,660,23,"4,743"
9/15/2023,"3,196",775,132,668,23,"4,794"
9/16/2023,"3,149",771,131,684,22,"4,757"
9/17/2023,"3,022",747,131,721,22,"4,643"
9/18/2023,"3,306",776,131,767,23,"5,002"
9/19/2023,"3,364",776,131,764,23,"5,059"
9/20/2023,"3,415",780,131,771,23,"5,121"
9/21/2023,"3,406",771,132,783,23,"5,115"
9/22/2023,"3,251",765,131,791,23,"4,961"
9/23/2023,"3,217",756,131,783,23,"4,910"
9/24/2023,"2,866",740,131,747,22,"4,506"
9/25/2023,"3,175",749,131,736,23,"4,815"
9/26/2023,"3,239",766,131,737,23,"4,896"
9/27/2023,"3,174",772,130,733,23,"4,833"
9/28/2023,"3,119",780,131,804,23,"4,856"
9/29/2023,"3,091",783,131,777,23,"4,804"
9/30/2023,"3,052",797,131,783,23,"4,786"
10/1/2023,"2,770",760,130,822,23,"4,505"
10/2/2023,"3,139",766,130,820,25,"4,880"
10/3/2023,"3,400",783,130,828,25,"5,167"
10/4/2023,"3,400",770,131,837,24,"5,162"
10/5/2023,"3,315",771,131,848,25,"5,089"
10/6/2023,"3,323",758,132,887,25,"5,125"
10/7/2023,"3,217",748,131,895,25,"5,015"
10/8/2023,"2,873",731,130,864,24,"4,623"
10/9/2023,"3,142",753,121,860,24,"4,900"
10/10/2023,"3,221",763,123,852,24,"4,983"
10/11/2023,"3,192",758,122,843,24,"4,939"
10/12/2023,"3,141",767,118,837,20,"4,881"
10/13/2023,"2,987",736,115,838,24,"4,700"
10/14/2023,"2,991",720,122,839,23,"4,696"
10/15/2023,"2,820",712,121,758,23,"4,434"
10/16/2023,"3,082",742,122,841,24,"4,810"
10/17/2023,"3,240",749,122,859,24,"4,994"
10/18/2023,"3,326",760,122,869,24,"5,101"
10/19/2023,"3,456",792,124,865,26,"5,263"
10/20/2023,"3,401",752,129,866,24,"5,173"
10/21/2023,"3,115",758,130,859,24,"4,886"
10/22/2023,"2,871",708,122,860,23,"4,585"
10/23/2023,"2,864",703,127,845,23,"4,562"
10/24/2023,"3,288",731,128,864,24,"5,036"
10/25/2023,"3,328",744,120,874,23,"5,090"
10/26/2023,"3,401",739,128,867,24,"5,159"
10/27/2023,"3,382",735,123,867,24,"5,130"
10/28/2023,"3,290",740,128,868,25,"5,051"
10/29/2023,"3,031",723,127,885,24,"4,789"
10/30/2023,"3,099",710,125,883,26,"4,842"
10/31/2023,"3,077",738,127,852,27,"4,820"
11/1/2023,"3,101",746,128,811,24,"4,810"
11/2/2023,"3,348",747,127,819,25,"5,066"
11/3/2023,"3,456",736,132,825,26,"5,176"
11/4/2023,"3,435",730,127,827,25,"5,144"
11/5/2023,"3,136",713,115,823,23,"4,809"
11/6/2023,"3,326",741,126,828,25,"5,046"
11/7/2023,"3,431",763,128,825,26,"5,172"
11/8/2023,"3,429",751,126,836,25,"5,166"
11/9/2023,"3,472",756,127,832,26,"5,213"
11/10/2023,"3,447",766,129,832,25,"5,197"
11/11/2023,"3,307",738,123,780,25,"4,973"
11/12/2023,"3,095",723,122,761,24,"4,725"
11/13/2023,"3,339",725,122,758,24,"4,968"
11/14/2023,"3,452",738,129,753,25,"5,097"
11/15/2023,"3,468",753,132,759,26,"5,138"
11/16/2023,"3,438",754,131,755,23,"5,101"
11/17/2023,"3,067",762,132,757,23,"4,741"
11/18/2023,"2,777",758,127,767,22,"4,452"
11/19/2023,"2,548",732,114,771,21,"4,187"
11/20/2023,"2,864",755,125,749,24,"4,518"
11/21/2023,"3,021",754,129,798,26,"4,728"
11/22/2023,"3,138",738,122,793,25,"4,816"
11/23/2023,"3,282",741,122,796,25,"4,966"
11/24/2023,"3,182",749,123,792,25,"4,872"
11/25/2023,"3,057",746,123,789,25,"4,740"
11/26/2023,"2,880",730,122,798,24,"4,554"
11/27/2023,"3,095",739,122,797,25,"4,777"
11/28/2023,"3,049",745,122,795,25,"4,736"
11/29/2023,"3,128",730,123,797,25,"4,803"
11/30/2023,"3,216",722,123,779,25,"4,864"
12/1/2023,"3,235",726,122,799,25,"4,907"
12/2/2023,"3,156",716,122,843,25,"4,862"
12/3/2023,"2,909",699,122,861,24,"4,615"
12/4/2023,"3,071",712,122,867,24,"4,796"
12/5/2023,"3,040",719,122,868,24,"4,775"
12/6/2023,"3,347",734,122,869,26,"5,099"
12/7/2023,"3,357",728,123,866,25,"5,099"
12/8/2023,"3,343",720,123,875,25,"5,085"
12/9/2023,"3,378",707,127,877,25,"5,114"
12/10/2023,"3,063",696,126,884,24,"4,793"
12/11/2023,"3,309",711,126,885,25,"5,055"
12/12/2023,"3,510",717,126,864,24,"5,241"
12/13/2023,"3,514",730,126,863,25,"5,258"
12/14/2023,"3,434",725,127,860,25,"5,171"
12/15/2023,"3,379",720,127,878,25,"5,129"
12/16/2023,"3,363",708,127,879,26,"5,103"
12/17/2023,"3,250",694,128,866,24,"4,961"
12/18/2023,"3,433",722,127,854,24,"5,160"
12/19/2023,"3,416",727,127,828,24,"5,121"
12/20/2023,"3,361",718,127,812,23,"5,042"
12/21/2023,"3,127",724,128,808,24,"4,810"
12/22/2023,"2,851",736,130,812,23,"4,552"
12/23/2023,"2,669",739,130,840,23,"4,400"
12/24/2023,"2,548",740,129,863,24,"4,304"
12/25/2023,"2,693",741,130,872,26,"4,463"
12/26/2023,"2,500",733,129,875,25,"4,261"
12/27/2023,"2,350",709,128,871,21,"4,080"
12/28/2023,"2,226",688,128,872,21,"3,935"
12/29/2023,"2,139",670,128,812,21,"3,770"
12/30/2023,"2,077",664,126,786,19,"3,672"
12/31/2023,"1,943",642,124,754,19,"3,482"
1/1/2024,"1,885",641,123,771,19,"3,439"
1/2/2024,"2,252",652,125,774,20,"3,824"
1/3/2024,"2,746",676,126,781,22,"4,352"
1/4/2024,"3,147",706,127,814,23,"4,818"
1/5/2024,"3,281",720,127,858,23,"5,009"
1/6/2024,"3,261",727,128,861,24,"5,001"
1/7/2024,"2,985",711,127,847,24,"4,694"
1/8/2024,"3,227",736,128,846,23,"4,960"
1/9/2024,"3,461",741,124,849,22,"5,196"
1/10/2024,"3,534",745,124,834,24,"5,261"
1/11/2024,"3,566",751,124,801,24,"5,266"
1/12/2024,"3,598",747,124,805,24,"5,298"
1/13/2024,"3,383",742,124,808,23,"5,080"
1/14/2024,"3,111",728,124,804,23,"4,790"
1/15/2024,"3,309",749,123,804,23,"5,009"
1/16/2024,"3,391",760,124,809,23,"5,107"
1/17/2024,"3,326",765,127,817,24,"5,058"
1/18/2024,"3,246",762,127,723,24,"4,881"
1/19/2024,"3,394",763,124,878,24,"5,184"
1/20/2024,"3,328",750,125,885,23,"5,112"
1/21/2024,"3,037",732,124,892,24,"4,808"
1/22/2024,"3,243",743,125,888,24,"5,023"
1/23/2024,"3,352",759,124,888,24,"5,147"
1/24/2024,"3,076",765,125,888,24,"4,878"
1/25/2024,"2,981",754,124,899,24,"4,783"
1/26/2024,"2,923",757,125,913,29,"4,747"
1/27/2024,"2,935",741,124,920,24,"4,745"
1/28/2024,"2,670",716,126,900,24,"4,435"
1/29/2024,"3,011",710,125,911,24,"4,781"
1/30/2024,"3,331",718,125,912,25,"5,111"
1/31/2024,"3,238",716,124,904,24,"5,007"
2/1/2024,"3,367",715,124,864,23,"5,093"
2/2/2024,"3,377",727,124,847,23,"5,097"
2/3/2024,"3,255",720,125,849,23,"4,971"
2/4/2024,"3,003",700,123,836,23,"4,685"
2/5/2024,"3,268",710,124,836,23,"4,961"
2/6/2024,"3,380",712,124,835,29,"5,079"
2/7/2024,"3,388",721,125,843,24,"5,100"
2/8/2024,"3,422",717,124,858,24,"5,145"
2/9/2024,"3,399",717,120,874,24,"5,133"
2/10/2024,"3,101",710,120,866,24,"4,821"
2/11/2024,"2,572",702,119,819,24,"4,236"
2/12/2024,"2,794",717,118,826,24,"4,480"
2/13/2024,"3,060",718,118,824,25,"4,745"
2/14/2024,"3,229",724,123,846,26,"4,948"
2/15/2024,"3,409",721,120,846,26,"5,121"
2/16/2024,"3,562",715,120,851,26,"5,274"
2/17/2024,"3,567",710,118,853,29,"5,277"
2/18/2024,"3,288",693,121,863,26,"4,992"
2/19/2024,"3,429",711,119,862,25,"5,145"
2/20/2024,"3,496",716,119,886,25,"5,242"
2/21/2024,"3,566",707,120,886,25,"5,304"
2/22/2024,"3,692",707,118,890,26,"5,433"
2/23/2024,"3,614",708,120,886,26,"5,354"
2/24/2024,"3,352",690,119,887,25,"5,072"
2/25/2024,"3,136",688,118,876,24,"4,843"
2/26/2024,"3,318",695,119,878,25,"5,035"
2/27/2024,"3,572",701,120,883,26,"5,302"
2/28/2024,"3,668",692,120,870,27,"5,377"
2/29/2024,"3,636",699,125,870,29,"5,360"
3/1/2024,"3,579",705,119,826,27,"5,255"
3/2/2024,"3,513",691,119,788,25,"5,135"
3/3/2024,"3,083",672,120,833,23,"4,731"
3/4/2024,"3,419",687,119,820,23,"5,068"
3/5/2024,"3,598",693,119,822,24,"5,256"
3/6/2024,"3,553",685,119,819,24,"5,200"
3/7/2024,"3,602",690,118,821,24,"5,256"
3/8/2024,"3,652",689,119,818,26,"5,304"
3/9/2024,"3,539",682,122,820,26,"5,190"
3/10/2024,"3,201",662,122,793,24,"4,801"
3/11/2024,"3,627",679,121,790,24,"5,241"
3/12/2024,"3,724",687,124,784,25,"5,343"
3/13/2024,"3,667",692,122,767,25,"5,274"
3/14/2024,"3,581",700,123,771,25,"5,201"
3/15/2024,"3,589",685,123,781,25,"5,204"
3/16/2024,"3,535",675,122,758,25,"5,116"
3/17/2024,"3,254",599,121,814,24,"4,811"
3/18/2024,"3,567",616,121,796,25,"5,126"
3/19/2024,"3,592",625,122,803,26,"5,168"
3/20/2024,"3,332",637,122,804,26,"4,922"
3/21/2024,"3,240",625,114,811,25,"4,815"
3/22/2024,"3,363",669,114,819,24,"4,989"
3/23/2024,"3,367",684,115,816,25,"5,008"
3/24/2024,"3,137",676,116,827,25,"4,780"
3/25/2024,"3,565",698,115,840,25,"5,243"
3/26/2024,"3,744",716,116,849,26,"5,451"
3/27/2024,"3,724",718,116,855,26,"5,440"
3/28/2024,"3,741",713,115,847,26,"5,441"
3/29/2024,"3,720",714,115,858,26,"5,433"
3/30/2024,"3,570",717,115,856,27,"5,285"
3/31/2024,"3,280",708,119,789,26,"4,922"
4/1/2024,"3,527",736,118,864,28,"5,274"
4/2/2024,"3,725",740,118,862,28,"5,474"
4/3/2024,"3,796",748,118,863,30,"5,554"
4/4/2024,"3,868",746,118,863,31,"5,626"
4/5/2024,"3,953",728,119,860,37,"5,697"
4/6/2024,"3,997",737,119,863,38,"5,754"
4/7/2024,"3,752",728,120,862,36,"5,498"
4/8/2024,"4,001",748,118,863,35,"5,765"
4/9/2024,"4,161",763,124,858,35,"5,941"
4/10/2024,"3,764",754,122,862,27,"5,529"
4/11/2024,"3,466",726,117,865,24,"5,198"
4/12/2024,"3,076",706,124,873,20,"4,800"
4/13/2024,"2,494",690,123,870,18,"4,194"
4/14/2024,"2,343",684,121,872,17,"4,037"
4/15/2024,"2,501",682,119,870,15,"4,187"
4/16/2024,"2,665",684,120,874,16,"4,359"
4/17/2024,"3,171",699,123,883,19,"4,894"
4/18/2024,"3,680",719,124,875,22,"5,421"
4/19/2024,"3,757",726,124,874,23,"5,504"
4/20/2024,"3,718",738,124,859,22,"5,461"
4/21/2024,"3,413",724,125,855,22,"5,139"
4/22/2024,"3,777",737,124,856,24,"5,518"
4/23/2024,"4,093",743,124,857,30,"5,848"
4/24/2024,"4,048",737,124,851,31,"5,791"
4/25/2024,"4,034",746,125,851,30,"5,786"
4/26/2024,"4,002",743,124,858,30,"5,757"
4/27/2024,"3,988",720,124,861,30,"5,722"
4/28/2024,"3,654",718,124,861,35,"5,392"
4/29/2024,"3,993",737,123,865,30,"5,747"
4/30/2024,"4,076",752,119,862,30,"5,838"
5/1/2024,"3,594",727,119,866,26,"5,331"
5/2/2024,"4,041",740,118,869,28,"5,796"
5/3/2024,"4,087",737,120,872,29,"5,844"
5/4/2024,"4,114",728,120,719,29,"5,710"
5/5/2024,"3,791",705,120,749,27,"5,392"
5/6/2024,"3,994",716,119,869,29,"5,727"
5/7/2024,"3,801",729,120,879,30,"5,558"
5/8/2024,"3,600",727,120,872,21,"5,339"
5/9/2024,"3,795",717,116,876,24,"5,529"
5/10/2024,"3,712",716,114,873,23,"5,437"
5/11/2024,"3,499",712,111,874,20,"5,216"
5/12/2024,"3,279",689,109,876,20,"4,973"
5/13/2024,"3,746",703,108,878,21,"5,457"
5/14/2024,"3,696",701,110,855,20,"5,381"
5/15/2024,"3,932",701,108,830,21,"5,592"
5/16/2024,"3,916",710,109,869,21,"5,625"
5/17/2024,"3,759",708,110,870,21,"5,469"
5/18/2024,"3,629",698,110,875,22,"5,334"
5/19/2024,"3,430",677,108,879,21,"5,115"
5/20/2024,"3,654",688,108,800,23,"5,273"
5/21/2024,"3,660",703,109,786,23,"5,281"
5/22/2024,"3,407",689,109,781,22,"5,008"
5/23/2024,"3,549",696,108,781,23,"5,158"
5/24/2024,"3,504",702,108,783,23,"5,120"
5/25/2024,"3,464",697,108,781,22,"5,073"
5/26/2024,"3,200",685,108,790,28,"4,810"
5/27/2024,"3,559",697,108,856,22,"5,241"
5/28/2024,"3,779",704,109,875,21,"5,487"
5/29/2024,"3,907",709,108,880,25,"5,629"
5/30/2024,"3,819",715,109,871,28,"5,542"
5/31/2024,"3,661",751,117,871,27,"5,426"
6/1/2024,"3,539",751,112,875,21,"5,298"
6/2/2024,"3,171",720,112,876,22,"4,900"
6/3/2024,"3,150",716,110,871,20,"4,866"
6/4/2024,"3,622",733,111,871,25,"5,362"
6/5/2024,"3,787",762,116,869,28,"5,562"
6/6/2024,"3,830",771,118,871,27,"5,617"
6/7/2024,"3,749",762,118,873,29,"5,531"
6/8/2024,"3,766",747,115,861,28,"5,517"
6/9/2024,"3,399",735,106,868,26,"5,134"
6/10/2024,"3,516",763,118,828,28,"5,252"
6/11/2024,"3,476",772,119,849,27,"5,243"
6/12/2024,"3,557",775,119,851,27,"5,328"
6/13/2024,"3,672",767,120,845,28,"5,431"
6/14/2024,"3,793",764,121,849,28,"5,555"
6/15/2024,"3,688",742,117,847,28,"5,423"
6/16/2024,"3,385",706,106,834,22,"5,054"
6/17/2024,"3,468",752,113,873,20,"5,227"
6/18/2024,"3,574",777,118,868,25,"5,361"
6/19/2024,"3,617",763,121,865,28,"5,395"
6/20/2024,"3,654",763,120,865,27,"5,429"
6/21/2024,"3,616",781,119,867,28,"5,410"
6/22/2024,"3,493",767,117,862,27,"5,266"
6/23/2024,"3,146",762,110,865,23,"4,906"
6/24/2024,"3,175",761,114,902,21,"4,972"
6/25/2024,"3,257",790,119,940,23,"5,128"
6/26/2024,"3,270",798,119,939,22,"5,148"
6/27/2024,"3,220",786,119,945,22,"5,092"
6/28/2024,"3,250",776,120,944,22,"5,111"
6/29/2024,"3,246",718,113,827,19,"4,923"
6/30/2024,"2,891",678,102,821,17,"4,508"
7/1/2024,"3,040",718,112,822,17,"4,710"
7/2/2024,"3,237",745,112,824,18,"4,936"
7/3/2024,"3,281",756,117,820,18,"4,992"
7/4/2024,"3,237",756,115,821,25,"4,955"
7/5/2024,"3,067",758,115,836,22,"4,799"
7/6/2024,"3,141",737,116,830,21,"4,845"
7/7/2024,"3,149",697,114,828,21,"4,808"
7/8/2024,"3,440",721,111,831,19,"5,121"
7/9/2024,"3,459",745,116,827,18,"5,166"
7/10/2024,"3,472",754,115,826,18,"5,184"
7/11/2024,"3,286",758,112,829,17,"5,001"
7/12/2024,"3,263",731,113,829,19,"4,955"
7/13/2024,"3,107",719,108,828,17,"4,779"
7/14/2024,"2,790",698,99,823,16,"4,426"
7/15/2024,"3,080",733,111,823,17,"4,763"
7/16/2024,"3,088",742,112,823,17,"4,783"
7/17/2024,"3,154",743,113,815,17,"4,843"
7/18/2024,"3,134",758,113,818,17,"4,840"
7/19/2024,"3,103",754,115,823,18,"4,813"
7/20/2024,"2,927",731,103,822,17,"4,600"
7/21/2024,"2,764",703,97,840,17,"4,421"
7/22/2024,"2,827",714,102,831,17,"4,492"
7/23/2024,"3,137",736,111,850,18,"4,852"
7/24/2024,"3,114",744,114,846,17,"4,835"
7/25/2024,"3,066",727,114,847,16,"4,770"
7/26/2024,"3,013",742,115,844,17,"4,731"
7/27/2024,"2,970",732,111,843,16,"4,672"
7/28/2024,"2,472",694,96,846,15,"4,123"
7/29/2024,"2,351",697,95,848,15,"4,006"
7/30/2024,"2,771",711,107,844,17,"4,449"
7/31/2024,"2,962",732,111,836,18,"4,659"
8/1/2024,"2,960",741,112,837,17,"4,668"
8/2/2024,"2,924",745,113,849,17,"4,648"
8/3/2024,"3,061",746,110,898,17,"4,831"
8/4/2024,"2,667",729,98,910,18,"4,422"
8/5/2024,"2,925",743,105,910,17,"4,700"
8/6/2024,"3,203",764,112,886,17,"4,982"
8/7/2024,"3,246",771,112,876,17,"5,022"
8/8/2024,"3,292",769,112,872,17,"5,062"
8/9/2024,"3,291",776,111,876,18,"5,073"
8/10/2024,"3,250",762,106,869,18,"5,005"
8/11/2024,"2,926",739,106,873,18,"4,662"
8/12/2024,"2,709",700,92,860,16,"4,377"
8/13/2024,"3,105",737,104,873,17,"4,837"
8/14/2024,"3,414",745,109,872,18,"5,158"
8/15/2024,"3,495",741,109,875,18,"5,238"
8/16/2024,"3,444",746,114,855,18,"5,176"
8/17/2024,"3,355",746,109,850,17,"5,077"
8/18/2024,"3,186",714,94,814,16,"4,825"
8/19/2024,"3,454",733,108,806,18,"5,118"
8/20/2024,"3,521",756,111,812,19,"5,219"
8/21/2024,"3,404",788,108,819,19,"5,139"
8/22/2024,"3,514",764,107,817,19,"5,221"
8/23/2024,"3,582",765,107,806,19,"5,280"
8/24/2024,"3,423",753,108,782,19,"5,085"
8/25/2024,"2,993",727,97,760,17,"4,594"
8/26/2024,"3,361",750,107,772,17,"5,007"
8/27/2024,"3,459",757,111,760,17,"5,105"
8/28/2024,"3,315",778,110,767,18,"4,988"
8/29/2024,"3,319",754,112,768,17,"4,970"
8/30/2024,"3,265",748,111,769,17,"4,911"
8/31/2024,"2,934",724,108,769,17,"4,552"
9/1/2024,"2,647",662,98,771,16,"4,193"
9/2/2024,"3,058",765,110,802,18,"4,754"
9/3/2024,"3,110",784,107,929,19,"4,950"
9/4/2024,"3,095",781,107,949,19,"4,952"
9/5/2024,"3,066",778,108,947,19,"4,919"
9/6/2024,"3,011",774,113,953,19,"4,871"
9/7/2024,"2,931",758,109,921,19,"4,738"
9/8/2024,"2,635",721,99,889,18,"4,362"
9/9/2024,"2,912",796,110,882,19,"4,718"
9/10/2024,"3,047",783,113,885,19,"4,848"
9/11/2024,"3,147",762,112,869,20,"4,909"
9/12/2024,"3,146",769,112,889,19,"4,936"
9/13/2024,"3,176",782,111,903,20,"4,992"
9/14/2024,"3,065",830,106,775,19,"4,796"
9/15/2024,"2,703",734,97,822,19,"4,376"
9/16/2024,"2,955",780,105,888,20,"4,748"
9/17/2024,"3,046",813,113,903,20,"4,895"
9/18/2024,"2,799",863,110,903,20,"4,696"
9/19/2024,"2,632",808,109,898,20,"4,466"
9/20/2024,"2,775",817,114,894,20,"4,620"
9/21/2024,"2,729",825,107,847,19,"4,527"
9/22/2024,"2,453",768,96,836,17,"4,170"
9/23/2024,"2,630",825,108,840,18,"4,421"
9/24/2024,"2,851",827,110,866,18,"4,673"
9/25/2024,"2,772",805,109,820,17,"4,524"
9/26/2024,"2,884",826,112,844,18,"4,683"
9/27/2024,"2,951",816,111,846,17,"4,741"
9/28/2024,"2,822",764,106,842,18,"4,552"
9/29/2024,"2,538",730,98,868,17,"4,251"
9/30/2024,"2,806",775,104,886,17,"4,588"
10/1/2024,"2,904",720,108,876,19,"4,627"
10/2/2024,"2,895",788,107,936,20,"4,746"
10/3/2024,"2,842",797,108,940,19,"4,705"
10/4/2024,"2,827",807,106,952,19,"4,712"
10/5/2024,"2,722",782,102,951,19,"4,577"
10/6/2024,"2,528",751,91,955,18,"4,343"
10/7/2024,"2,876",770,101,954,20,"4,722"
10/8/2024,"3,019",789,106,955,20,"4,889"
10/9/2024,"2,984",789,106,957,20,"4,856"
10/10/2024,"2,955",798,106,954,21,"4,833"
10/11/2024,"2,927",796,106,945,21,"4,794"
10/12/2024,"2,875",781,103,953,20,"4,733"
10/13/2024,"2,457",747,92,952,19,"4,267"
10/14/2024,"2,491",755,93,959,19,"4,318"
10/15/2024,"2,898",790,110,954,20,"4,772"
10/16/2024,"3,068",791,105,954,20,"4,938"
10/17/2024,"2,951",781,108,958,21,"4,820"
10/18/2024,"2,939",786,106,960,21,"4,813"
10/19/2024,"2,845",773,102,958,21,"4,698"
10/20/2024,"2,436",741,91,965,19,"4,251"
10/21/2024,"2,713",754,100,965,20,"4,551"
10/22/2024,"2,761",769,104,916,19,"4,569"
10/23/2024,"2,776",758,99,942,18,"4,593"
10/24/2024,"2,888",762,105,962,19,"4,736"
10/25/2024,"3,077",767,107,941,19,"4,911"
10/26/2024,"3,075",746,105,957,20,"4,902"
10/27/2024,"2,893",712,96,956,19,"4,675"
10/28/2024,"3,046",744,102,964,20,"4,876"
10/29/2024,"3,080",745,108,963,20,"4,916"
10/30/2024,"3,059",751,109,962,21,"4,902"
10/31/2024,"3,094",746,104,961,21,"4,925"
11/1/2024,"3,090",696,109,963,21,"4,880"
11/2/2024,"2,795",741,104,962,19,"4,620"
11/3/2024,"2,614",682,96,967,16,"4,375"
11/4/2024,"2,941",712,103,964,16,"4,736"
11/5/2024,"3,047",759,110,963,20,"4,898"
11/6/2024,"2,958",762,110,961,19,"4,810"
11/7/2024,"2,841",748,110,961,20,"4,679"
11/8/2024,"2,899",746,109,968,28,"4,749"
11/9/2024,"2,894",728,106,954,32,"4,713"
11/10/2024,"2,583",704,96,957,30,"4,371"
11/11/2024,"2,845",727,104,963,31,"4,671"
11/12/2024,"3,014",740,110,963,31,"4,857"
11/13/2024,"3,148",728,110,956,30,"4,973"
11/14/2024,"3,319",624,122,945,39,"5,049"
